{"TOTAL_recall": 0.9486166007280226, "TOTAL_precision": 0.9302325580794423, "height_err": 0.043943438678979874, "recall": [0.984905660253471, 0.927175843529809, 0.9279279270919568, 0.6530612231570179], "precision": [0.973880596893796, 0.8787878786399348, 0.9196428563217475, 0.8421052609418282], "data_time": 0.009792905807495117, "time": 0.09507514953613282}